skew,epoch,median_mtxn_s,n_reps
0.01,1,0.448,3
0.01,2,1.026,3
0.01,3,1.128,3
0.01,4,1.162,3
0.01,5,1.114,3
0.01,6,1.131,3
0.01,7,1.223,3
0.01,8,1.272,3
0.01,9,1.297,3
0.01,10,1.33,3
0.01,11,1.366,3
0.01,12,1.365,3
0.01,13,1.487,3
0.01,14,1.519,3
0.01,15,1.57,3
0.01,16,1.609,3
0.01,17,1.59,3
0.01,18,1.614,3
0.01,19,1.661,3
0.01,20,1.666,3
0.01,21,1.658,3
0.01,22,1.654,3
0.01,23,1.626,3
0.01,24,1.629,3
0.01,25,1.638,3
0.01,26,1.633,3
0.01,27,1.636,3
0.01,28,1.635,3
0.01,29,1.63,3
0.01,30,1.602,3
0.01,31,1.628,3
0.01,32,1.618,3
0.01,33,1.605,3
0.01,34,1.604,3
0.01,35,1.586,3
0.01,36,1.597,3
0.01,37,1.596,3
0.01,38,1.592,3
0.01,39,1.592,3
0.01,40,1.601,3
0.01,41,1.591,3
0.01,42,1.578,3
0.01,43,1.553,3
0.01,44,1.584,3
0.01,45,1.55,3
0.01,46,1.585,3
0.01,47,1.579,3
0.01,48,1.594,3
0.01,49,1.579,3
0.01,50,1.557,3
0.01,51,1.549,3
0.01,52,1.6,3
0.01,53,1.602,3
0.01,54,1.606,3
0.01,55,1.606,3
0.01,56,1.607,3
0.01,57,1.612,3
0.01,58,1.607,3
0.01,59,1.601,3
0.01,60,1.614,3
0.01,61,1.596,3
0.01,62,1.603,3
0.01,63,1.588,3
0.01,64,1.603,3
0.01,65,1.612,3
0.01,66,1.617,3
0.01,67,1.612,3
0.01,68,1.609,3
0.01,69,1.608,3
0.01,70,1.602,3
0.01,71,1.604,3
0.01,72,1.616,3
0.01,73,1.616,3
0.01,74,1.606,3
0.01,75,1.604,3
0.01,76,1.602,3
0.01,77,1.595,3
0.01,78,1.647,3
0.01,79,1.608,3
0.01,80,1.595,3
0.01,81,1.617,3
0.01,82,1.613,3
0.01,83,1.608,3
0.01,84,1.619,3
0.01,85,1.616,3
0.01,86,1.612,3
0.01,87,1.615,3
0.01,88,1.613,3
0.01,89,1.62,3
0.01,90,1.612,3
0.01,91,1.613,3
0.01,92,1.608,3
0.01,93,1.613,3
0.01,94,1.61,3
0.01,95,1.607,3
0.01,96,1.502,3
0.01,97,1.61,3
0.01,98,1.611,3
0.01,99,1.613,3
0.01,100,1.617,3
0.01,101,1.615,3
0.01,102,1.617,3
0.01,103,1.616,3
0.01,104,1.597,3
0.01,105,1.613,3
0.01,106,1.62,3
0.01,107,1.593,3
0.01,108,1.611,3
0.01,109,1.616,3
0.01,110,1.613,3
0.01,111,1.648,3
0.01,112,1.617,3
0.01,113,1.607,3
0.01,114,1.611,3
0.01,115,1.617,3
0.01,116,1.592,3
0.01,117,1.615,3
0.01,118,1.619,3
0.01,119,1.619,3
0.01,120,1.645,3
0.01,121,1.645,3
0.01,122,1.628,3
0.01,123,1.634,3
0.01,124,1.641,3
0.01,125,1.647,3
0.01,126,1.615,3
0.01,127,1.647,3
0.01,128,1.645,3
0.01,129,1.647,3
0.01,130,1.65,3
0.01,131,1.645,3
0.01,132,1.647,3
0.01,133,1.648,3
0.01,134,1.65,3
0.01,135,1.652,3
0.01,136,1.588,3
0.01,137,1.593,3
0.01,138,1.595,3
0.01,139,1.593,3
0.01,140,1.599,3
0.01,141,1.597,3
0.01,142,1.597,3
0.01,143,1.593,3
0.01,144,1.592,3
0.01,145,1.6,3
0.01,146,1.596,3
0.01,147,1.556,3
0.01,148,1.598,3
0.01,149,1.562,3
0.01,150,1.574,3
0.01,151,1.583,3
0.01,152,1.624,3
0.01,153,1.618,3
0.01,154,1.612,3
0.01,155,1.609,3
0.01,156,1.607,3
0.01,157,1.598,3
0.01,158,1.608,3
0.01,159,1.611,3
0.01,160,1.618,3
0.01,161,1.615,3
0.01,162,1.616,3
0.01,163,1.64,3
0.01,164,1.646,3
0.01,165,1.652,3
0.01,166,1.645,3
0.01,167,1.631,3
0.01,168,1.548,3
0.01,169,1.632,3
0.01,170,1.647,3
0.01,171,1.641,3
0.01,172,1.636,3
0.01,173,1.65,3
0.01,174,1.637,3
0.01,175,1.646,3
0.01,176,1.628,3
0.01,177,1.622,3
0.01,178,1.639,3
0.01,179,1.627,3
0.01,180,1.613,3
0.01,181,1.625,3
0.01,182,1.641,3
0.01,183,1.615,3
0.01,184,1.629,3
0.01,185,1.632,3
0.01,186,1.655,3
0.01,187,1.645,3
0.01,188,1.619,3
0.01,189,1.639,3
0.01,190,1.647,3
0.01,191,1.61,3
0.01,192,1.625,3
0.01,193,1.608,3
0.01,194,1.611,3
0.01,195,1.599,3
0.01,196,1.593,3
0.01,197,1.597,3
0.01,198,1.615,3
0.01,199,1.617,3
0.01,200,1.615,3
0.01,201,1.616,3
0.01,202,1.625,3
0.01,203,1.621,3
0.01,204,1.613,3
0.01,205,1.652,3
0.01,206,1.648,3
0.01,207,1.651,3
0.01,208,1.646,3
0.01,209,1.646,3
0.01,210,1.65,3
0.01,211,1.65,3
0.01,212,1.617,3
0.01,213,1.607,3
0.01,214,1.635,3
0.01,215,1.59,3
0.01,216,1.612,3
0.01,217,1.614,3
0.01,218,1.614,3
0.01,219,1.622,3
0.01,220,1.61,3
0.01,221,1.612,3
0.01,222,1.614,3
0.01,223,1.622,3
0.01,224,1.608,3
0.01,225,1.635,3
0.01,226,1.648,3
0.01,227,1.65,3
0.01,228,1.646,3
0.01,229,1.57,3
0.01,230,1.652,3
0.01,231,1.65,3
0.01,232,1.632,3
0.01,233,1.648,3
0.01,234,1.646,3
0.01,235,1.653,3
0.01,236,1.653,3
0.01,237,1.649,3
0.01,238,1.65,3
0.01,239,1.655,3
0.01,240,1.652,3
0.01,241,1.64,3
0.01,242,1.652,3
0.01,243,1.648,3
0.01,244,1.651,3
0.01,245,1.655,3
0.01,246,1.645,3
0.01,247,1.632,3
0.01,248,1.567,3
0.01,249,1.563,3
0.01,250,1.562,3
0.01,251,1.56,3
0.01,252,1.627,3
0.01,253,1.649,3
0.01,254,1.633,3
0.01,255,1.644,3
0.01,256,1.653,3
0.01,257,1.647,3
0.01,258,1.65,3
0.01,259,1.646,3
0.01,260,1.612,3
0.01,261,1.655,3
0.01,262,1.651,3
0.01,263,1.643,3
0.01,264,1.651,3
0.01,265,1.647,3
0.01,266,1.655,3
0.01,267,1.658,3
0.01,268,1.654,3
0.01,269,1.654,3
0.01,270,1.651,3
0.01,271,1.645,3
0.01,272,1.644,3
0.01,273,1.646,3
0.01,274,1.653,3
0.01,275,1.651,3
0.01,276,1.645,3
0.01,277,1.644,3
0.01,278,1.654,3
0.01,279,1.636,3
0.01,280,1.649,3
0.01,281,1.618,3
0.01,282,1.571,3
0.01,283,1.569,3
0.01,284,1.571,3
0.01,285,1.597,3
0.01,286,1.617,3
0.01,287,1.6,3
0.01,288,1.605,3
0.01,289,1.613,3
0.01,290,1.613,3
0.01,291,1.613,3
0.01,292,1.596,3
0.01,293,1.622,3
0.01,294,1.612,3
0.01,295,1.611,3
0.01,296,1.622,3
0.01,297,1.61,3
0.01,298,1.623,3
0.01,299,1.654,3
0.2,1,0.446,3
0.2,2,0.296,3
0.2,3,0.95,3
0.2,4,1.12,3
0.2,5,1.264,3
0.2,6,1.299,3
0.2,7,1.323,3
0.2,8,1.373,3
0.2,9,1.407,3
0.2,10,1.455,3
0.2,11,1.497,3
0.2,12,1.542,3
0.2,13,1.569,3
0.2,14,1.616,3
0.2,15,1.651,3
0.2,16,1.701,3
0.2,17,1.743,3
0.2,18,1.702,3
0.2,19,1.719,3
0.2,20,1.741,3
0.2,21,1.811,3
0.2,22,1.765,3
0.2,23,1.795,3
0.2,24,1.793,3
0.2,25,1.794,3
0.2,26,1.733,3
0.2,27,1.768,3
0.2,28,1.764,3
0.2,29,1.757,3
0.2,30,1.786,3
0.2,31,1.721,3
0.2,32,1.719,3
0.2,33,1.721,3
0.2,34,1.726,3
0.2,35,1.725,3
0.2,36,1.719,3
0.2,37,1.737,3
0.2,38,1.727,3
0.2,39,1.728,3
0.2,40,1.727,3
0.2,41,1.736,3
0.2,42,1.734,3
0.2,43,1.727,3
0.2,44,1.734,3
0.2,45,1.721,3
0.2,46,1.735,3
0.2,47,1.733,3
0.2,48,1.738,3
0.2,49,1.726,3
0.2,50,1.73,3
0.2,51,1.715,3
0.2,52,1.693,3
0.2,53,1.665,3
0.2,54,1.697,3
0.2,55,1.728,3
0.2,56,1.728,3
0.2,57,1.721,3
0.2,58,1.717,3
0.2,59,1.724,3
0.2,60,1.725,3
0.2,61,1.721,3
0.2,62,1.709,3
0.2,63,1.708,3
0.2,64,1.719,3
0.2,65,1.694,3
0.2,66,1.687,3
0.2,67,1.672,3
0.2,68,1.701,3
0.2,69,1.709,3
0.2,70,1.705,3
0.2,71,1.704,3
0.2,72,1.709,3
0.2,73,1.708,3
0.2,74,1.708,3
0.2,75,1.708,3
0.2,76,1.717,3
0.2,77,1.709,3
0.2,78,1.716,3
0.2,79,1.709,3
0.2,80,1.708,3
0.2,81,1.713,3
0.2,82,1.702,3
0.2,83,1.702,3
0.2,84,1.706,3
0.2,85,1.715,3
0.2,86,1.632,3
0.2,87,1.689,3
0.2,88,1.235,3
0.2,89,1.695,3
0.2,90,1.711,3
0.2,91,1.717,3
0.2,92,1.721,3
0.2,93,1.721,3
0.2,94,1.711,3
0.2,95,1.706,3
0.2,96,1.701,3
0.2,97,1.701,3
0.2,98,1.711,3
0.2,99,1.682,3
0.2,100,1.71,3
0.2,101,1.712,3
0.2,102,1.709,3
0.2,103,1.717,3
0.2,104,1.697,3
0.2,105,1.749,3
0.2,106,1.737,3
0.2,107,1.712,3
0.2,108,1.726,3
0.2,109,1.732,3
0.2,110,1.731,3
0.2,111,1.73,3
0.2,112,1.727,3
0.2,113,1.735,3
0.2,114,1.731,3
0.2,115,1.742,3
0.2,116,1.731,3
0.2,117,1.737,3
0.2,118,1.742,3
0.2,119,1.747,3
0.2,120,1.721,3
0.2,121,1.743,3
0.2,122,1.739,3
0.2,123,1.734,3
0.2,124,1.714,3
0.2,125,1.735,3
0.2,126,1.732,3
0.2,127,1.735,3
0.2,128,1.743,3
0.2,129,1.74,3
0.2,130,1.74,3
0.2,131,1.732,3
0.2,132,1.755,3
0.2,133,1.759,3
0.2,134,1.714,3
0.2,135,1.71,3
0.2,136,1.713,3
0.2,137,1.712,3
0.2,138,1.764,3
0.2,139,1.714,3
0.2,140,1.71,3
0.2,141,1.728,3
0.2,142,1.755,3
0.2,143,1.755,3
0.2,144,1.737,3
0.2,145,1.754,3
0.2,146,1.74,3
0.2,147,1.734,3
0.2,148,1.751,3
0.2,149,1.754,3
0.2,150,1.757,3
0.2,151,1.752,3
0.2,152,1.756,3
0.2,153,1.762,3
0.2,154,1.713,3
0.2,155,1.753,3
0.2,156,1.755,3
0.2,157,1.757,3
0.2,158,1.793,3
0.2,159,1.735,3
0.2,160,1.725,3
0.2,161,1.731,3
0.2,162,1.724,3
0.2,163,1.754,3
0.2,164,1.763,3
0.2,165,1.76,3
0.2,166,1.756,3
0.2,167,1.767,3
0.2,168,1.767,3
0.2,169,1.756,3
0.2,170,1.753,3
0.2,171,1.757,3
0.2,172,1.766,3
0.2,173,1.755,3
0.2,174,1.759,3
0.2,175,1.739,3
0.2,176,1.711,3
0.2,177,1.71,3
0.2,178,1.759,3
0.2,179,1.749,3
0.2,180,1.702,3
0.2,181,1.728,3
0.2,182,1.753,3
0.2,183,1.758,3
0.2,184,1.746,3
0.2,185,1.739,3
0.2,186,1.744,3
0.2,187,1.751,3
0.2,188,1.758,3
0.2,189,1.719,3
0.2,190,1.745,3
0.2,191,1.753,3
0.2,192,1.765,3
0.2,193,1.772,3
0.2,194,1.765,3
0.2,195,1.766,3
0.2,196,1.767,3
0.2,197,1.769,3
0.2,198,1.652,3
0.2,199,1.708,3
0.2,200,1.71,3
0.2,201,1.719,3
0.2,202,1.722,3
0.2,203,1.712,3
0.2,204,1.708,3
0.2,205,1.688,3
0.2,206,1.708,3
0.2,207,1.707,3
0.2,208,1.711,3
0.2,209,1.71,3
0.2,210,1.71,3
0.2,211,1.709,3
0.2,212,1.707,3
0.2,213,1.709,3
0.2,214,1.687,3
0.2,215,1.703,3
0.2,216,1.71,3
0.2,217,1.703,3
0.2,218,1.712,3
0.2,219,1.718,3
0.2,220,1.736,3
0.2,221,1.736,3
0.2,222,1.738,3
0.2,223,1.74,3
0.2,224,1.708,3
0.2,225,1.701,3
0.2,226,1.718,3
0.2,227,1.709,3
0.2,228,1.728,3
0.2,229,1.728,3
0.2,230,1.722,3
0.2,231,1.724,3
0.2,232,1.717,3
0.2,233,1.703,3
0.2,234,1.712,3
0.2,235,1.671,3
0.2,236,1.694,3
0.2,237,1.71,3
0.2,238,1.681,3
0.2,239,1.713,3
0.2,240,1.721,3
0.2,241,1.707,3
0.2,242,1.718,3
0.2,243,1.716,3
0.2,244,1.72,3
0.2,245,1.703,3
0.2,246,1.71,3
0.2,247,1.706,3
0.2,248,1.724,3
0.2,249,1.704,3
0.2,250,1.719,3
0.2,251,1.702,3
0.2,252,1.701,3
0.2,253,1.717,3
0.2,254,1.716,3
0.2,255,1.707,3
0.2,256,1.703,3
0.2,257,1.698,3
0.2,258,1.739,3
0.2,259,1.76,3
0.2,260,1.745,3
0.2,261,1.758,3
0.2,262,1.758,3
0.2,263,1.763,3
0.2,264,1.647,3
0.2,265,1.755,3
0.2,266,1.772,3
0.2,267,1.755,3
0.2,268,1.761,3
0.2,269,1.771,3
0.2,270,1.709,3
0.2,271,1.703,3
0.2,272,1.717,3
0.2,273,1.718,3
0.2,274,1.716,3
0.2,275,1.716,3
0.2,276,1.725,3
0.2,277,1.719,3
0.2,278,1.724,3
0.2,279,1.722,3
0.2,280,1.723,3
0.2,281,1.718,3
0.2,282,1.73,3
0.2,283,1.725,3
0.2,284,1.722,3
0.2,285,1.721,3
0.2,286,1.725,3
0.2,287,1.724,3
0.2,288,1.713,3
0.2,289,1.719,3
0.2,290,0.793,3
0.2,291,1.715,3
0.2,292,1.711,3
0.2,293,1.707,3
0.2,294,1.739,3
0.2,295,1.769,3
0.2,296,1.76,3
0.2,297,1.759,3
0.2,298,1.76,3
0.2,299,1.764,3
0.4,1,0.459,3
0.4,2,1.082,3
0.4,3,1.216,3
0.4,4,1.31,3
0.4,5,1.358,3
0.4,6,1.354,3
0.4,7,1.39,3
0.4,8,1.417,3
0.4,9,1.521,3
0.4,10,1.545,3
0.4,11,1.518,3
0.4,12,1.561,3
0.4,13,1.604,3
0.4,14,1.669,3
0.4,15,1.722,3
0.4,16,1.751,3
0.4,17,1.785,3
0.4,18,1.838,3
0.4,19,1.899,3
0.4,20,1.946,3
0.4,21,1.996,3
0.4,22,2.026,3
0.4,23,2.065,3
0.4,24,2.005,3
0.4,25,2.028,3
0.4,26,2.051,3
0.4,27,2.054,3
0.4,28,2.021,3
0.4,29,2.018,3
0.4,30,2.027,3
0.4,31,1.999,3
0.4,32,2.015,3
0.4,33,2.007,3
0.4,34,2.02,3
0.4,35,2.014,3
0.4,36,2.008,3
0.4,37,2.003,3
0.4,38,1.986,3
0.4,39,1.984,3
0.4,40,1.973,3
0.4,41,1.963,3
0.4,42,1.964,3
0.4,43,1.984,3
0.4,44,1.982,3
0.4,45,1.961,3
0.4,46,1.993,3
0.4,47,1.983,3
0.4,48,1.958,3
0.4,49,1.968,3
0.4,50,1.982,3
0.4,51,1.998,3
0.4,52,1.981,3
0.4,53,1.961,3
0.4,54,1.973,3
0.4,55,0.859,3
0.4,56,1.983,3
0.4,57,2.004,3
0.4,58,2.001,3
0.4,59,2.003,3
0.4,60,2.005,3
0.4,61,1.992,3
0.4,62,2.023,3
0.4,63,1.998,3
0.4,64,2.025,3
0.4,65,2.004,3
0.4,66,1.994,3
0.4,67,2.002,3
0.4,68,2.008,3
0.4,69,2.003,3
0.4,70,1.984,3
0.4,71,1.993,3
0.4,72,1.995,3
0.4,73,1.99,3
0.4,74,1.992,3
0.4,75,1.987,3
0.4,76,1.988,3
0.4,77,1.966,3
0.4,78,1.981,3
0.4,79,1.982,3
0.4,80,1.981,3
0.4,81,1.975,3
0.4,82,1.959,3
0.4,83,1.971,3
0.4,84,1.981,3
0.4,85,1.978,3
0.4,86,1.971,3
0.4,87,1.953,3
0.4,88,1.985,3
0.4,89,1.972,3
0.4,90,1.967,3
0.4,91,1.975,3
0.4,92,1.99,3
0.4,93,1.997,3
0.4,94,1.977,3
0.4,95,1.962,3
0.4,96,1.948,3
0.4,97,1.993,3
0.4,98,2.005,3
0.4,99,1.98,3
0.4,100,2.003,3
0.4,101,2.01,3
0.4,102,2.017,3
0.4,103,2.032,3
0.4,104,2.019,3
0.4,105,2.01,3
0.4,106,2.014,3
0.4,107,2.004,3
0.4,108,1.997,3
0.4,109,2.013,3
0.4,110,1.987,3
0.4,111,2.012,3
0.4,112,1.981,3
0.4,113,2.012,3
0.4,114,1.993,3
0.4,115,2.01,3
0.4,116,1.989,3
0.4,117,1.991,3
0.4,118,2.003,3
0.4,119,1.984,3
0.4,120,1.984,3
0.4,121,1.959,3
0.4,122,1.98,3
0.4,123,1.984,3
0.4,124,1.997,3
0.4,125,1.994,3
0.4,126,1.946,3
0.4,127,1.971,3
0.4,128,1.972,3
0.4,129,1.991,3
0.4,130,1.978,3
0.4,131,1.969,3
0.4,132,1.991,3
0.4,133,1.971,3
0.4,134,1.996,3
0.4,135,1.966,3
0.4,136,1.982,3
0.4,137,1.963,3
0.4,138,1.963,3
0.4,139,1.974,3
0.4,140,1.987,3
0.4,141,1.99,3
0.4,142,1.989,3
0.4,143,1.989,3
0.4,144,2.004,3
0.4,145,2.003,3
0.4,146,2.003,3
0.4,147,1.983,3
0.4,148,2.004,3
0.4,149,2.007,3
0.4,150,2.001,3
0.4,151,1.993,3
0.4,152,1.988,3
0.4,153,1.989,3
0.4,154,1.998,3
0.4,155,1.991,3
0.4,156,2.001,3
0.4,157,2.005,3
0.4,158,2.004,3
0.4,159,2.005,3
0.4,160,2.008,3
0.4,161,1.997,3
0.4,162,1.991,3
0.4,163,2.012,3
0.4,164,2.008,3
0.4,165,2.016,3
0.4,166,1.999,3
0.4,167,1.999,3
0.4,168,1.99,3
0.4,169,2.002,3
0.4,170,1.998,3
0.4,171,2.0,3
0.4,172,1.994,3
0.4,173,1.996,3
0.4,174,1.989,3
0.4,175,1.996,3
0.4,176,2.005,3
0.4,177,1.999,3
0.4,178,1.95,3
0.4,179,1.98,3
0.4,180,1.987,3
0.4,181,1.989,3
0.4,182,1.985,3
0.4,183,1.981,3
0.4,184,1.977,3
0.4,185,1.996,3
0.4,186,1.997,3
0.4,187,1.996,3
0.4,188,1.981,3
0.4,189,1.986,3
0.4,190,1.994,3
0.4,191,1.993,3
0.4,192,1.983,3
0.4,193,1.992,3
0.4,194,1.996,3
0.4,195,1.982,3
0.4,196,1.99,3
0.4,197,1.992,3
0.4,198,1.988,3
0.4,199,1.974,3
0.4,200,1.995,3
0.4,201,1.998,3
0.4,202,1.991,3
0.4,203,1.991,3
0.4,204,2.001,3
0.4,205,1.985,3
0.4,206,1.998,3
0.4,207,2.008,3
0.4,208,2.02,3
0.4,209,2.001,3
0.4,210,2.009,3
0.4,211,2.02,3
0.4,212,2.017,3
0.4,213,2.015,3
0.4,214,2.025,3
0.4,215,2.009,3
0.4,216,2.016,3
0.4,217,2.005,3
0.4,218,2.012,3
0.4,219,1.988,3
0.4,220,1.997,3
0.4,221,2.005,3
0.4,222,1.992,3
0.4,223,1.994,3
0.4,224,2.006,3
0.4,225,2.009,3
0.4,226,2.001,3
0.4,227,1.999,3
0.4,228,2.004,3
0.4,229,1.993,3
0.4,230,2.01,3
0.4,231,1.992,3
0.4,232,1.991,3
0.4,233,1.97,3
0.4,234,1.983,3
0.4,235,1.986,3
0.4,236,1.977,3
0.4,237,1.982,3
0.4,238,1.982,3
0.4,239,1.984,3
0.4,240,1.975,3
0.4,241,1.979,3
0.4,242,1.967,3
0.4,243,1.987,3
0.4,244,1.97,3
0.4,245,1.99,3
0.4,246,1.997,3
0.4,247,1.991,3
0.4,248,1.992,3
0.4,249,1.988,3
0.4,250,1.983,3
0.4,251,1.991,3
0.4,252,2.008,3
0.4,253,1.999,3
0.4,254,2.017,3
0.4,255,2.009,3
0.4,256,1.999,3
0.4,257,2.019,3
0.4,258,1.992,3
0.4,259,2.009,3
0.4,260,1.998,3
0.4,261,2.0,3
0.4,262,2.004,3
0.4,263,2.019,3
0.4,264,2.016,3
0.4,265,1.999,3
0.4,266,2.016,3
0.4,267,2.005,3
0.4,268,2.0,3
0.4,269,2.006,3
0.4,270,2.009,3
0.4,271,2.008,3
0.4,272,2.001,3
0.4,273,2.011,3
0.4,274,1.981,3
0.4,275,1.988,3
0.4,276,1.998,3
0.4,277,1.995,3
0.4,278,2.0,3
0.4,279,2.002,3
0.4,280,1.996,3
0.4,281,1.973,3
0.4,282,1.945,3
0.4,283,1.974,3
0.4,284,2.001,3
0.4,285,1.964,3
0.4,286,1.967,3
0.4,287,1.982,3
0.4,288,1.983,3
0.4,289,1.977,3
0.4,290,1.999,3
0.4,291,1.97,3
0.4,292,1.996,3
0.4,293,1.978,3
0.4,294,1.98,3
0.4,295,1.989,3
0.4,296,1.981,3
0.4,297,1.988,3
0.4,298,2.007,3
0.4,299,2.002,3
0.6,1,0.479,3
0.6,2,0.323,3
0.6,3,1.101,3
0.6,4,1.34,3
0.6,5,1.409,3
0.6,6,1.482,3
0.6,7,1.546,3
0.6,8,1.607,3
0.6,9,1.664,3
0.6,10,1.705,3
0.6,11,1.743,3
0.6,12,1.773,3
0.6,13,1.816,3
0.6,14,1.893,3
0.6,15,1.935,3
0.6,16,1.993,3
0.6,17,2.007,3
0.6,18,2.072,3
0.6,19,2.083,3
0.6,20,2.127,3
0.6,21,2.183,3
0.6,22,2.212,3
0.6,23,2.249,3
0.6,24,2.243,3
0.6,25,2.286,3
0.6,26,2.299,3
0.6,27,2.366,3
0.6,28,2.36,3
0.6,29,2.411,3
0.6,30,2.444,3
0.6,31,2.449,3
0.6,32,2.461,3
0.6,33,2.479,3
0.6,34,2.546,3
0.6,35,2.526,3
0.6,36,2.541,3
0.6,37,2.516,3
0.6,38,2.61,3
0.6,39,2.419,3
0.6,40,2.482,3
0.6,41,2.529,3
0.6,42,2.52,3
0.6,43,2.546,3
0.6,44,2.536,3
0.6,45,2.534,3
0.6,46,2.452,3
0.6,47,2.484,3
0.6,48,2.468,3
0.6,49,2.501,3
0.6,50,2.533,3
0.6,51,2.52,3
0.6,52,2.492,3
0.6,53,2.499,3
0.6,54,2.506,3
0.6,55,2.499,3
0.6,56,2.543,3
0.6,57,2.516,3
0.6,58,2.498,3
0.6,59,2.492,3
0.6,60,2.473,3
0.6,61,2.517,3
0.6,62,2.428,3
0.6,63,2.5,3
0.6,64,2.502,3
0.6,65,2.512,3
0.6,66,2.519,3
0.6,67,2.475,3
0.6,68,2.495,3
0.6,69,2.493,3
0.6,70,2.512,3
0.6,71,2.512,3
0.6,72,2.538,3
0.6,73,2.505,3
0.6,74,2.528,3
0.6,75,2.534,3
0.6,76,2.51,3
0.6,77,2.514,3
0.6,78,2.513,3
0.6,79,2.516,3
0.6,80,2.529,3
0.6,81,2.496,3
0.6,82,2.509,3
0.6,83,2.48,3
0.6,84,2.55,3
0.6,85,2.516,3
0.6,86,2.499,3
0.6,87,2.498,3
0.6,88,2.501,3
0.6,89,2.516,3
0.6,90,2.491,3
0.6,91,2.491,3
0.6,92,2.473,3
0.6,93,2.495,3
0.6,94,2.555,3
0.6,95,2.504,3
0.6,96,2.557,3
0.6,97,2.51,3
0.6,98,2.532,3
0.6,99,2.541,3
0.6,100,2.52,3
0.6,101,2.518,3
0.6,102,2.533,3
0.6,103,2.513,3
0.6,104,2.566,3
0.6,105,2.537,3
0.6,106,2.535,3
0.6,107,2.587,3
0.6,108,2.554,3
0.6,109,2.495,3
0.6,110,2.571,3
0.6,111,2.544,3
0.6,112,2.517,3
0.6,113,2.476,3
0.6,114,2.534,3
0.6,115,2.513,3
0.6,116,2.531,3
0.6,117,2.541,3
0.6,118,2.502,3
0.6,119,2.537,3
0.6,120,2.582,3
0.6,121,2.548,3
0.6,122,2.549,3
0.6,123,2.532,3
0.6,124,2.521,3
0.6,125,2.439,3
0.6,126,2.488,3
0.6,127,2.416,3
0.6,128,2.527,3
0.6,129,2.51,3
0.6,130,2.487,3
0.6,131,2.512,3
0.6,132,2.502,3
0.6,133,2.533,3
0.6,134,2.488,3
0.6,135,2.485,3
0.6,136,2.503,3
0.6,137,2.529,3
0.6,138,2.489,3
0.6,139,2.476,3
0.6,140,2.456,3
0.6,141,2.445,3
0.6,142,2.51,3
0.6,143,2.522,3
0.6,144,2.528,3
0.6,145,2.504,3
0.6,146,2.478,3
0.6,147,2.522,3
0.6,148,2.537,3
0.6,149,2.522,3
0.6,150,2.519,3
0.6,151,2.527,3
0.6,152,2.524,3
0.6,153,2.525,3
0.6,154,2.545,3
0.6,155,2.499,3
0.6,156,2.555,3
0.6,157,2.518,3
0.6,158,2.507,3
0.6,159,2.545,3
0.6,160,2.534,3
0.6,161,2.549,3
0.6,162,2.538,3
0.6,163,2.514,3
0.6,164,2.507,3
0.6,165,2.496,3
0.6,166,2.509,3
0.6,167,2.551,3
0.6,168,2.537,3
0.6,169,2.541,3
0.6,170,2.544,3
0.6,171,2.514,3
0.6,172,2.514,3
0.6,173,2.539,3
0.6,174,2.515,3
0.6,175,2.563,3
0.6,176,2.537,3
0.6,177,2.534,3
0.6,178,2.526,3
0.6,179,2.534,3
0.6,180,2.542,3
0.6,181,2.543,3
0.6,182,2.528,3
0.6,183,2.475,3
0.6,184,2.541,3
0.6,185,2.542,3
0.6,186,2.541,3
0.6,187,2.547,3
0.6,188,2.551,3
0.6,189,2.532,3
0.6,190,2.543,3
0.6,191,2.542,3
0.6,192,2.562,3
0.6,193,2.521,3
0.6,194,2.497,3
0.6,195,2.546,3
0.6,196,2.524,3
0.6,197,2.56,3
0.6,198,2.51,3
0.6,199,2.55,3
0.6,200,2.576,3
0.6,201,2.556,3
0.6,202,2.556,3
0.6,203,2.532,3
0.6,204,2.578,3
0.6,205,2.546,3
0.6,206,2.55,3
0.6,207,2.579,3
0.6,208,2.593,3
0.6,209,2.341,3
0.6,210,2.593,3
0.6,211,2.558,3
0.6,212,2.457,3
0.6,213,2.532,3
0.6,214,2.523,3
0.6,215,2.511,3
0.6,216,2.533,3
0.6,217,2.518,3
0.6,218,2.526,3
0.6,219,2.534,3
0.6,220,2.496,3
0.6,221,2.513,3
0.6,222,2.51,3
0.6,223,2.521,3
0.6,224,2.524,3
0.6,225,2.506,3
0.6,226,2.532,3
0.6,227,2.56,3
0.6,228,2.512,3
0.6,229,2.522,3
0.6,230,2.493,3
0.6,231,2.52,3
0.6,232,2.495,3
0.6,233,2.539,3
0.6,234,2.488,3
0.6,235,2.53,3
0.6,236,2.528,3
0.6,237,2.512,3
0.6,238,2.525,3
0.6,239,2.52,3
0.6,240,2.521,3
0.6,241,2.529,3
0.6,242,2.542,3
0.6,243,2.503,3
0.6,244,2.535,3
0.6,245,2.508,3
0.6,246,2.525,3
0.6,247,2.491,3
0.6,248,2.495,3
0.6,249,2.479,3
0.6,250,2.533,3
0.6,251,2.561,3
0.6,252,2.539,3
0.6,253,2.52,3
0.6,254,2.536,3
0.6,255,2.534,3
0.6,256,2.527,3
0.6,257,2.555,3
0.6,258,2.563,3
0.6,259,2.509,3
0.6,260,2.532,3
0.6,261,2.536,3
0.6,262,2.484,3
0.6,263,2.513,3
0.6,264,2.467,3
0.6,265,2.535,3
0.6,266,2.523,3
0.6,267,2.569,3
0.6,268,2.519,3
0.6,269,2.54,3
0.6,270,2.538,3
0.6,271,2.515,3
0.6,272,2.523,3
0.6,273,2.544,3
0.6,274,2.572,3
0.6,275,2.513,3
0.6,276,2.545,3
0.6,277,2.537,3
0.6,278,2.556,3
0.6,279,2.554,3
0.6,280,2.533,3
0.6,281,2.549,3
0.6,282,2.49,3
0.6,283,2.527,3
0.6,284,2.539,3
0.6,285,2.55,3
0.6,286,2.547,3
0.6,287,2.542,3
0.6,288,2.576,3
0.6,289,2.53,3
0.6,290,2.563,3
0.6,291,2.571,3
0.6,292,2.541,3
0.6,293,2.545,3
0.6,294,2.553,3
0.6,295,2.554,3
0.6,296,2.544,3
0.6,297,2.465,3
0.6,298,2.53,3
0.6,299,2.527,3
0.8,1,0.587,3
0.8,2,0.407,3
0.8,3,1.734,3
0.8,4,1.872,3
0.8,5,1.911,3
0.8,6,2.024,3
0.8,7,2.098,3
0.8,8,2.125,3
0.8,9,2.211,3
0.8,10,1.878,3
0.8,11,2.31,3
0.8,12,2.364,3
0.8,13,2.34,3
0.8,14,2.442,3
0.8,15,2.535,3
0.8,16,2.521,3
0.8,17,2.622,3
0.8,18,2.696,3
0.8,19,2.721,3
0.8,20,2.705,3
0.8,21,2.787,3
0.8,22,2.753,3
0.8,23,2.805,3
0.8,24,2.825,3
0.8,25,2.904,3
0.8,26,2.935,3
0.8,27,2.962,3
0.8,28,2.996,3
0.8,29,3.003,3
0.8,30,3.107,3
0.8,31,3.035,3
0.8,32,3.056,3
0.8,33,3.005,3
0.8,34,3.065,3
0.8,35,3.112,3
0.8,36,3.118,3
0.8,37,3.178,3
0.8,38,3.213,3
0.8,39,3.285,3
0.8,40,3.271,3
0.8,41,3.254,3
0.8,42,3.32,3
0.8,43,3.344,3
0.8,44,3.331,3
0.8,45,3.323,3
0.8,46,3.383,3
0.8,47,3.376,3
0.8,48,3.365,3
0.8,49,3.372,3
0.8,50,3.415,3
0.8,51,3.409,3
0.8,52,3.467,3
0.8,53,3.396,3
0.8,54,3.42,3
0.8,55,3.465,3
0.8,56,3.464,3
0.8,57,3.464,3
0.8,58,3.483,3
0.8,59,3.481,3
0.8,60,3.497,3
0.8,61,3.497,3
0.8,62,3.48,3
0.8,63,3.496,3
0.8,64,3.508,3
0.8,65,3.537,3
0.8,66,3.52,3
0.8,67,3.534,3
0.8,68,3.503,3
0.8,69,3.491,3
0.8,70,3.577,3
0.8,71,3.491,3
0.8,72,3.502,3
0.8,73,3.491,3
0.8,74,3.551,3
0.8,75,3.536,3
0.8,76,3.566,3
0.8,77,3.523,3
0.8,78,3.562,3
0.8,79,3.564,3
0.8,80,3.568,3
0.8,81,3.572,3
0.8,82,3.567,3
0.8,83,3.594,3
0.8,84,3.601,3
0.8,85,3.58,3
0.8,86,3.576,3
0.8,87,3.569,3
0.8,88,3.525,3
0.8,89,3.583,3
0.8,90,3.57,3
0.8,91,3.534,3
0.8,92,3.564,3
0.8,93,3.57,3
0.8,94,3.536,3
0.8,95,3.58,3
0.8,96,3.641,3
0.8,97,3.649,3
0.8,98,3.638,3
0.8,99,3.631,3
0.8,100,3.643,3
0.8,101,3.603,3
0.8,102,3.589,3
0.8,103,3.584,3
0.8,104,3.601,3
0.8,105,3.539,3
0.8,106,3.648,3
0.8,107,3.613,3
0.8,108,3.651,3
0.8,109,3.631,3
0.8,110,3.659,3
0.8,111,3.625,3
0.8,112,3.661,3
0.8,113,3.628,3
0.8,114,3.639,3
0.8,115,3.592,3
0.8,116,3.654,3
0.8,117,3.666,3
0.8,118,3.656,3
0.8,119,3.625,3
0.8,120,3.636,3
0.8,121,3.619,3
0.8,122,3.636,3
0.8,123,3.653,3
0.8,124,3.629,3
0.8,125,3.643,3
0.8,126,3.636,3
0.8,127,3.631,3
0.8,128,3.565,3
0.8,129,3.636,3
0.8,130,3.608,3
0.8,131,3.646,3
0.8,132,3.648,3
0.8,133,3.642,3
0.8,134,3.659,3
0.8,135,3.656,3
0.8,136,3.652,3
0.8,137,3.577,3
0.8,138,3.666,3
0.8,139,3.604,3
0.8,140,3.643,3
0.8,141,3.613,3
0.8,142,3.648,3
0.8,143,3.547,3
0.8,144,3.548,3
0.8,145,3.576,3
0.8,146,3.633,3
0.8,147,3.591,3
0.8,148,3.635,3
0.8,149,3.666,3
0.8,150,3.603,3
0.8,151,3.632,3
0.8,152,3.629,3
0.8,153,3.638,3
0.8,154,3.629,3
0.8,155,3.579,3
0.8,156,3.617,3
0.8,157,3.671,3
0.8,158,3.636,3
0.8,159,3.62,3
0.8,160,3.66,3
0.8,161,3.656,3
0.8,162,3.596,3
0.8,163,3.661,3
0.8,164,3.602,3
0.8,165,3.623,3
0.8,166,3.577,3
0.8,167,3.665,3
0.8,168,3.642,3
0.8,169,3.644,3
0.8,170,3.663,3
0.8,171,3.659,3
0.8,172,3.671,3
0.8,173,3.598,3
0.8,174,3.595,3
0.8,175,3.636,3
0.8,176,3.654,3
0.8,177,3.667,3
0.8,178,3.606,3
0.8,179,3.587,3
0.8,180,3.59,3
0.8,181,3.589,3
0.8,182,3.595,3
0.8,183,3.681,3
0.8,184,3.658,3
0.8,185,3.64,3
0.8,186,3.617,3
0.8,187,3.658,3
0.8,188,3.609,3
0.8,189,3.677,3
0.8,190,3.684,3
0.8,191,3.624,3
0.8,192,3.677,3
0.8,193,3.683,3
0.8,194,3.646,3
0.8,195,3.664,3
0.8,196,3.657,3
0.8,197,3.648,3
0.8,198,3.637,3
0.8,199,3.606,3
0.8,200,3.645,3
0.8,201,3.595,3
0.8,202,3.658,3
0.8,203,3.687,3
0.8,204,3.612,3
0.8,205,3.671,3
0.8,206,3.676,3
0.8,207,3.681,3
0.8,208,3.667,3
0.8,209,3.668,3
0.8,210,3.634,3
0.8,211,3.613,3
0.8,212,3.622,3
0.8,213,3.585,3
0.8,214,3.61,3
0.8,215,3.628,3
0.8,216,3.643,3
0.8,217,3.624,3
0.8,218,3.549,3
0.8,219,3.618,3
0.8,220,3.614,3
0.8,221,3.66,3
0.8,222,3.649,3
0.8,223,3.638,3
0.8,224,3.592,3
0.8,225,3.612,3
0.8,226,3.587,3
0.8,227,3.647,3
0.8,228,3.695,3
0.8,229,3.667,3
0.8,230,3.59,3
0.8,231,3.591,3
0.8,232,3.655,3
0.8,233,3.667,3
0.8,234,3.664,3
0.8,235,3.66,3
0.8,236,3.68,3
0.8,237,3.565,3
0.8,238,3.633,3
0.8,239,3.68,3
0.8,240,3.595,3
0.8,241,3.656,3
0.8,242,3.678,3
0.8,243,3.659,3
0.8,244,3.613,3
0.8,245,3.656,3
0.8,246,3.687,3
0.8,247,3.631,3
0.8,248,3.664,3
0.8,249,3.6,3
0.8,250,3.586,3
0.8,251,3.591,3
0.8,252,3.654,3
0.8,253,3.664,3
0.8,254,3.671,3
0.8,255,3.664,3
0.8,256,3.672,3
0.8,257,3.602,3
0.8,258,3.615,3
0.8,259,3.677,3
0.8,260,3.662,3
0.8,261,3.652,3
0.8,262,3.661,3
0.8,263,3.648,3
0.8,264,3.671,3
0.8,265,3.656,3
0.8,266,3.594,3
0.8,267,3.663,3
0.8,268,3.626,3
0.8,269,3.676,3
0.8,270,3.667,3
0.8,271,3.654,3
0.8,272,3.606,3
0.8,273,3.694,3
0.8,274,3.688,3
0.8,275,3.672,3
0.8,276,3.696,3
0.8,277,3.642,3
0.8,278,3.683,3
0.8,279,3.661,3
0.8,280,3.666,3
0.8,281,3.646,3
0.8,282,3.658,3
0.8,283,3.63,3
0.8,284,3.598,3
0.8,285,3.612,3
0.8,286,3.689,3
0.8,287,3.639,3
0.8,288,3.686,3
0.8,289,3.66,3
0.8,290,3.631,3
0.8,291,3.652,3
0.8,292,3.677,3
0.8,293,3.591,3
0.8,294,3.635,3
0.8,295,3.591,3
0.8,296,3.559,3
0.8,297,3.65,3
0.8,298,3.626,3
0.8,299,3.651,3
0.99,1,0.78,3
0.99,2,1.791,3
0.99,3,0.686,3
0.99,4,1.807,3
0.99,5,2.241,3
0.99,6,2.317,3
0.99,7,2.348,3
0.99,8,2.417,3
0.99,9,2.426,3
0.99,10,2.469,3
0.99,11,2.502,3
0.99,12,2.533,3
0.99,13,2.553,3
0.99,14,2.577,3
0.99,15,2.611,3
0.99,16,2.633,3
0.99,17,2.677,3
0.99,18,2.687,3
0.99,19,2.79,3
0.99,20,2.814,3
0.99,21,2.844,3
0.99,22,2.884,3
0.99,23,2.915,3
0.99,24,2.83,3
0.99,25,2.985,3
0.99,26,3.027,3
0.99,27,3.051,3
0.99,28,3.043,3
0.99,29,3.112,3
0.99,30,3.097,3
0.99,31,3.152,3
0.99,32,3.206,3
0.99,33,3.215,3
0.99,34,3.177,3
0.99,35,3.221,3
0.99,36,3.256,3
0.99,37,3.309,3
0.99,38,3.333,3
0.99,39,3.325,3
0.99,40,3.361,3
0.99,41,3.407,3
0.99,42,3.461,3
0.99,43,3.456,3
0.99,44,3.476,3
0.99,45,3.53,3
0.99,46,3.528,3
0.99,47,3.528,3
0.99,48,3.535,3
0.99,49,3.542,3
0.99,50,3.56,3
0.99,51,3.577,3
0.99,52,3.574,3
0.99,53,3.601,3
0.99,54,3.591,3
0.99,55,3.63,3
0.99,56,3.621,3
0.99,57,3.639,3
0.99,58,3.643,3
0.99,59,3.649,3
0.99,60,3.643,3
0.99,61,3.691,3
0.99,62,3.679,3
0.99,63,3.686,3
0.99,64,3.692,3
0.99,65,3.696,3
0.99,66,3.684,3
0.99,67,3.699,3
0.99,68,3.726,3
0.99,69,3.687,3
0.99,70,3.72,3
0.99,71,3.718,3
0.99,72,3.718,3
0.99,73,3.71,3
0.99,74,3.714,3
0.99,75,3.737,3
0.99,76,3.746,3
0.99,77,3.756,3
0.99,78,3.741,3
0.99,79,3.761,3
0.99,80,3.743,3
0.99,81,3.749,3
0.99,82,3.746,3
0.99,83,3.741,3
0.99,84,3.748,3
0.99,85,3.743,3
0.99,86,3.754,3
0.99,87,3.789,3
0.99,88,3.755,3
0.99,89,3.772,3
0.99,90,3.783,3
0.99,91,3.757,3
0.99,92,3.768,3
0.99,93,3.777,3
0.99,94,3.789,3
0.99,95,3.772,3
0.99,96,3.783,3
0.99,97,3.776,3
0.99,98,3.785,3
0.99,99,3.777,3
0.99,100,3.783,3
0.99,101,3.778,3
0.99,102,3.771,3
0.99,103,3.784,3
0.99,104,3.779,3
0.99,105,3.778,3
0.99,106,3.806,3
0.99,107,3.775,3
0.99,108,3.779,3
0.99,109,3.776,3
0.99,110,3.765,3
0.99,111,3.785,3
0.99,112,3.792,3
0.99,113,3.79,3
0.99,114,3.788,3
0.99,115,3.799,3
0.99,116,3.79,3
0.99,117,3.788,3
0.99,118,3.762,3
0.99,119,3.779,3
0.99,120,3.793,3
0.99,121,3.792,3
0.99,122,3.797,3
0.99,123,3.781,3
0.99,124,3.782,3
0.99,125,3.788,3
0.99,126,3.792,3
0.99,127,3.783,3
0.99,128,3.774,3
0.99,129,3.768,3
0.99,130,3.794,3
0.99,131,3.802,3
0.99,132,3.815,3
0.99,133,3.81,3
0.99,134,3.789,3
0.99,135,3.761,3
0.99,136,3.803,3
0.99,137,3.795,3
0.99,138,3.777,3
0.99,139,3.77,3
0.99,140,3.822,3
0.99,141,3.795,3
0.99,142,3.802,3
0.99,143,3.805,3
0.99,144,3.806,3
0.99,145,3.802,3
0.99,146,3.784,3
0.99,147,3.783,3
0.99,148,3.791,3
0.99,149,3.814,3
0.99,150,3.799,3
0.99,151,3.803,3
0.99,152,3.816,3
0.99,153,3.801,3
0.99,154,3.792,3
0.99,155,3.777,3
0.99,156,3.783,3
0.99,157,3.802,3
0.99,158,3.797,3
0.99,159,3.79,3
0.99,160,3.773,3
0.99,161,3.781,3
0.99,162,3.811,3
0.99,163,3.772,3
0.99,164,3.782,3
0.99,165,3.825,3
0.99,166,3.809,3
0.99,167,3.782,3
0.99,168,3.792,3
0.99,169,3.761,3
0.99,170,3.769,3
0.99,171,3.792,3
0.99,172,3.794,3
0.99,173,3.777,3
0.99,174,3.8,3
0.99,175,3.773,3
0.99,176,3.81,3
0.99,177,3.794,3
0.99,178,3.795,3
0.99,179,3.791,3
0.99,180,3.803,3
0.99,181,3.79,3
0.99,182,3.793,3
0.99,183,3.8,3
0.99,184,3.775,3
0.99,185,3.777,3
0.99,186,3.781,3
0.99,187,3.797,3
0.99,188,3.771,3
0.99,189,3.785,3
0.99,190,3.763,3
0.99,191,3.773,3
0.99,192,3.777,3
0.99,193,3.798,3
0.99,194,3.799,3
0.99,195,3.776,3
0.99,196,3.771,3
0.99,197,3.813,3
0.99,198,3.775,3
0.99,199,3.791,3
0.99,200,3.775,3
0.99,201,3.756,3
0.99,202,3.796,3
0.99,203,3.785,3
0.99,204,3.758,3
0.99,205,3.767,3
0.99,206,3.784,3
0.99,207,3.781,3
0.99,208,3.766,3
0.99,209,3.78,3
0.99,210,3.795,3
0.99,211,3.812,3
0.99,212,3.785,3
0.99,213,3.782,3
0.99,214,3.78,3
0.99,215,3.778,3
0.99,216,3.777,3
0.99,217,3.776,3
0.99,218,3.784,3
0.99,219,3.784,3
0.99,220,3.781,3
0.99,221,3.804,3
0.99,222,3.793,3
0.99,223,3.797,3
0.99,224,3.796,3
0.99,225,3.796,3
0.99,226,3.778,3
0.99,227,3.807,3
0.99,228,3.769,3
0.99,229,3.807,3
0.99,230,3.783,3
0.99,231,3.807,3
0.99,232,3.824,3
0.99,233,3.794,3
0.99,234,3.779,3
0.99,235,3.752,3
0.99,236,3.778,3
0.99,237,3.768,3
0.99,238,3.797,3
0.99,239,3.774,3
0.99,240,3.809,3
0.99,241,3.795,3
0.99,242,3.78,3
0.99,243,3.784,3
0.99,244,3.812,3
0.99,245,3.799,3
0.99,246,3.792,3
0.99,247,3.785,3
0.99,248,3.809,3
0.99,249,3.798,3
0.99,250,3.821,3
0.99,251,3.798,3
0.99,252,3.81,3
0.99,253,3.793,3
0.99,254,3.805,3
0.99,255,3.815,3
0.99,256,3.771,3
0.99,257,3.817,3
0.99,258,3.795,3
0.99,259,3.814,3
0.99,260,3.8,3
0.99,261,3.781,3
0.99,262,3.812,3
0.99,263,3.776,3
0.99,264,3.803,3
0.99,265,3.801,3
0.99,266,3.819,3
0.99,267,3.805,3
0.99,268,3.789,3
0.99,269,3.758,3
0.99,270,3.797,3
0.99,271,3.831,3
0.99,272,3.794,3
0.99,273,3.813,3
0.99,274,3.814,3
0.99,275,3.81,3
0.99,276,3.815,3
0.99,277,3.815,3
0.99,278,3.794,3
0.99,279,3.778,3
0.99,280,3.799,3
0.99,281,3.77,3
0.99,282,3.79,3
0.99,283,3.801,3
0.99,284,3.791,3
0.99,285,3.802,3
0.99,286,3.805,3
0.99,287,3.819,3
0.99,288,3.814,3
0.99,289,3.813,3
0.99,290,3.814,3
0.99,291,3.772,3
0.99,292,3.824,3
0.99,293,3.799,3
0.99,294,3.801,3
0.99,295,3.793,3
0.99,296,3.803,3
0.99,297,3.803,3
0.99,298,3.803,3
0.99,299,3.811,3

skew,eviction_onset_epoch_median,n_reps
0.01,18,3
0.2,19,3
0.4,23,3
0.6,38,3
0.8,never,0
0.99,never,0
