skew,epoch,admitted_records_m_mean
0.01,1,0.9694
0.01,2,0.9104
0.01,3,0.8546
0.01,4,0.8026
0.01,5,0.7539
0.01,6,0.7078
0.01,7,0.6647
0.01,8,0.6247
0.01,9,0.5864
0.01,10,0.5607
0.01,11,0.5605
0.01,12,0.5604
0.01,13,0.5609
0.01,14,0.5605
0.01,15,0.5604
0.01,16,0.5601
0.01,17,0.5605
0.01,18,0.5608
0.01,19,0.5605
0.01,20,0.5599
0.01,21,0.5599
0.01,22,0.5606
0.01,23,0.5606
0.01,24,0.5603
0.01,25,0.5603
0.01,26,0.561
0.01,27,0.5601
0.01,28,0.5605
0.01,29,0.5608
0.01,30,0.5605
0.01,31,0.5606
0.01,32,0.5603
0.01,33,0.5605
0.01,34,0.5601
0.01,35,0.5605
0.01,36,0.5606
0.01,37,0.5605
0.01,38,0.561
0.01,39,0.5609
0.01,40,0.56
0.01,41,0.5603
0.01,42,0.5601
0.01,43,0.5608
0.01,44,0.5608
0.01,45,0.5607
0.01,46,0.5603
0.01,47,0.56
0.01,48,0.5603
0.01,49,0.5602
0.01,50,0.5605
0.01,51,0.5607
0.01,52,0.5604
0.01,53,0.5601
0.01,54,0.5606
0.01,55,0.5611
0.01,56,0.5605
0.01,57,0.5599
0.01,58,0.5601
0.01,59,0.5604
0.01,60,0.5605
0.01,61,0.5602
0.01,62,0.5604
0.01,63,0.5607
0.01,64,0.5607
0.01,65,0.5604
0.01,66,0.5602
0.01,67,0.561
0.01,68,0.5606
0.01,69,0.5608
0.01,70,0.5607
0.01,71,0.5607
0.01,72,0.5604
0.01,73,0.5607
0.01,74,0.5605
0.01,75,0.5599
0.01,76,0.5607
0.01,77,0.5606
0.01,78,0.5602
0.01,79,0.5607
0.01,80,0.5606
0.01,81,0.5603
0.01,82,0.5603
0.01,83,0.5601
0.01,84,0.5601
0.01,85,0.5604
0.01,86,0.5601
0.01,87,0.5601
0.01,88,0.5606
0.01,89,0.5606
0.01,90,0.5608
0.01,91,0.5607
0.01,92,0.5603
0.01,93,0.5602
0.01,94,0.5604
0.01,95,0.5604
0.01,96,0.5607
0.01,97,0.5603
0.01,98,0.5606
0.01,99,0.5604
0.01,100,0.5606
0.01,101,0.5605
0.01,102,0.5608
0.01,103,0.5603
0.01,104,0.5608
0.01,105,0.5603
0.01,106,0.5605
0.01,107,0.5606
0.01,108,0.561
0.01,109,0.5608
0.01,110,0.5608
0.01,111,0.5599
0.01,112,0.56
0.01,113,0.56
0.01,114,0.5601
0.01,115,0.5596
0.01,116,0.5602
0.01,117,0.5606
0.01,118,0.5601
0.01,119,0.5602
0.01,120,0.5603
0.01,121,0.5602
0.01,122,0.56
0.01,123,0.5603
0.01,124,0.5605
0.01,125,0.5604
0.01,126,0.5606
0.01,127,0.5601
0.01,128,0.5611
0.01,129,0.5603
0.01,130,0.5603
0.01,131,0.5601
0.01,132,0.5603
0.01,133,0.5601
0.01,134,0.5603
0.01,135,0.5605
0.01,136,0.5603
0.01,137,0.5605
0.01,138,0.5604
0.01,139,0.5604
0.01,140,0.5604
0.01,141,0.5602
0.01,142,0.56
0.01,143,0.56
0.01,144,0.5606
0.01,145,0.5601
0.01,146,0.5602
0.01,147,0.5601
0.01,148,0.56
0.01,149,0.5603
0.01,150,0.5608
0.01,151,0.5606
0.01,152,0.5608
0.01,153,0.5606
0.01,154,0.5608
0.01,155,0.5605
0.01,156,0.5603
0.01,157,0.5603
0.01,158,0.5605
0.01,159,0.5599
0.01,160,0.5602
0.01,161,0.5602
0.01,162,0.5604
0.01,163,0.5598
0.01,164,0.5601
0.01,165,0.5597
0.01,166,0.5603
0.01,167,0.5605
0.01,168,0.5602
0.01,169,0.5605
0.01,170,0.5602
0.01,171,0.5605
0.01,172,0.5605
0.01,173,0.56
0.01,174,0.56
0.01,175,0.5605
0.01,176,0.5603
0.01,177,0.561
0.01,178,0.5602
0.01,179,0.5605
0.01,180,0.5605
0.01,181,0.5602
0.01,182,0.5602
0.01,183,0.5606
0.01,184,0.5601
0.01,185,0.56
0.01,186,0.5603
0.01,187,0.56
0.01,188,0.5604
0.01,189,0.5603
0.01,190,0.5602
0.01,191,0.5608
0.01,192,0.5599
0.01,193,0.5605
0.01,194,0.5601
0.01,195,0.5606
0.01,196,0.5603
0.01,197,0.5607
0.01,198,0.5603
0.01,199,0.5606
0.01,200,0.5607
0.01,201,0.5606
0.01,202,0.5605
0.01,203,0.561
0.01,204,0.5607
0.01,205,0.5604
0.01,206,0.5604
0.01,207,0.5607
0.01,208,0.56
0.01,209,0.5601
0.01,210,0.5606
0.01,211,0.5603
0.01,212,0.5604
0.01,213,0.5602
0.01,214,0.5604
0.01,215,0.5603
0.01,216,0.5602
0.01,217,0.5599
0.01,218,0.5603
0.01,219,0.5604
0.01,220,0.5602
0.01,221,0.5609
0.01,222,0.5598
0.01,223,0.5603
0.01,224,0.5603
0.01,225,0.5601
0.01,226,0.5605
0.01,227,0.5607
0.01,228,0.5599
0.01,229,0.5603
0.01,230,0.5604
0.01,231,0.5603
0.01,232,0.5601
0.01,233,0.5604
0.01,234,0.5606
0.01,235,0.5601
0.01,236,0.5604
0.01,237,0.5606
0.01,238,0.5606
0.01,239,0.5609
0.01,240,0.56
0.01,241,0.5602
0.01,242,0.5601
0.01,243,0.5608
0.01,244,0.5604
0.01,245,0.5604
0.01,246,0.5602
0.01,247,0.56
0.01,248,0.5601
0.01,249,0.5607
0.01,250,0.5605
0.01,251,0.56
0.01,252,0.5604
0.01,253,0.5605
0.01,254,0.5602
0.01,255,0.5603
0.01,256,0.5601
0.01,257,0.5604
0.01,258,0.5603
0.01,259,0.5601
0.01,260,0.5605
0.01,261,0.5606
0.01,262,0.5605
0.01,263,0.5606
0.01,264,0.5607
0.01,265,0.5607
0.01,266,0.56
0.01,267,0.5606
0.01,268,0.5605
0.01,269,0.5601
0.01,270,0.5601
0.01,271,0.5598
0.01,272,0.5604
0.01,273,0.5599
0.01,274,0.56
0.01,275,0.5601
0.01,276,0.5599
0.01,277,0.5606
0.01,278,0.5605
0.01,279,0.5612
0.01,280,0.5599
0.01,281,0.5606
0.01,282,0.5609
0.01,283,0.5606
0.01,284,0.5605
0.01,285,0.5604
0.01,286,0.5611
0.01,287,0.5601
0.01,288,0.5602
0.01,289,0.5598
0.01,290,0.5601
0.01,291,0.5606
0.01,292,0.5602
0.01,293,0.5602
0.01,294,0.5603
0.01,295,0.5603
0.01,296,0.5606
0.01,297,0.5606
0.01,298,0.5603
0.01,299,0.5605
0.01,300,0.5607
0.2,1,0.9648
0.2,2,0.8982
0.2,3,0.8367
0.2,4,0.7798
0.2,5,0.7274
0.2,6,0.6792
0.2,7,0.6335
0.2,8,0.5922
0.2,9,0.5532
0.2,10,0.5179
0.2,11,0.5197
0.2,12,0.5215
0.2,13,0.5188
0.2,14,0.5212
0.2,15,0.5231
0.2,16,0.5231
0.2,17,0.5233
0.2,18,0.5219
0.2,19,0.5213
0.2,20,0.5198
0.2,21,0.5198
0.2,22,0.5196
0.2,23,0.5206
0.2,24,0.5214
0.2,25,0.5211
0.2,26,0.5209
0.2,27,0.5211
0.2,28,0.5214
0.2,29,0.522
0.2,30,0.5223
0.2,31,0.5224
0.2,32,0.522
0.2,33,0.5217
0.2,34,0.5213
0.2,35,0.521
0.2,36,0.5216
0.2,37,0.5214
0.2,38,0.5209
0.2,39,0.5214
0.2,40,0.5208
0.2,41,0.5205
0.2,42,0.5203
0.2,43,0.5204
0.2,44,0.5208
0.2,45,0.5206
0.2,46,0.5213
0.2,47,0.5211
0.2,48,0.5216
0.2,49,0.5211
0.2,50,0.5212
0.2,51,0.5212
0.2,52,0.5209
0.2,53,0.5206
0.2,54,0.5212
0.2,55,0.5209
0.2,56,0.521
0.2,57,0.521
0.2,58,0.5206
0.2,59,0.521
0.2,60,0.5207
0.2,61,0.5211
0.2,62,0.5211
0.2,63,0.521
0.2,64,0.5211
0.2,65,0.5211
0.2,66,0.5206
0.2,67,0.5207
0.2,68,0.521
0.2,69,0.5208
0.2,70,0.5211
0.2,71,0.5208
0.2,72,0.5211
0.2,73,0.5212
0.2,74,0.5209
0.2,75,0.5211
0.2,76,0.5212
0.2,77,0.521
0.2,78,0.5218
0.2,79,0.5213
0.2,80,0.5212
0.2,81,0.521
0.2,82,0.5211
0.2,83,0.521
0.2,84,0.5215
0.2,85,0.521
0.2,86,0.5208
0.2,87,0.5215
0.2,88,0.5216
0.2,89,0.5209
0.2,90,0.5207
0.2,91,0.5209
0.2,92,0.5216
0.2,93,0.5217
0.2,94,0.5211
0.2,95,0.5212
0.2,96,0.5215
0.2,97,0.521
0.2,98,0.521
0.2,99,0.5211
0.2,100,0.521
0.2,101,0.521
0.2,102,0.5211
0.2,103,0.5214
0.2,104,0.5209
0.2,105,0.521
0.2,106,0.5203
0.2,107,0.5209
0.2,108,0.5209
0.2,109,0.5206
0.2,110,0.5205
0.2,111,0.521
0.2,112,0.5208
0.2,113,0.5206
0.2,114,0.521
0.2,115,0.5208
0.2,116,0.5204
0.2,117,0.5215
0.2,118,0.5208
0.2,119,0.5206
0.2,120,0.521
0.2,121,0.5211
0.2,122,0.5206
0.2,123,0.5216
0.2,124,0.5215
0.2,125,0.5209
0.2,126,0.5207
0.2,127,0.5211
0.2,128,0.5208
0.2,129,0.5209
0.2,130,0.5207
0.2,131,0.5208
0.2,132,0.5207
0.2,133,0.5208
0.2,134,0.5208
0.2,135,0.5211
0.2,136,0.5208
0.2,137,0.5211
0.2,138,0.5209
0.2,139,0.5209
0.2,140,0.5204
0.2,141,0.5214
0.2,142,0.5212
0.2,143,0.5209
0.2,144,0.5207
0.2,145,0.5214
0.2,146,0.5205
0.2,147,0.5212
0.2,148,0.5209
0.2,149,0.5208
0.2,150,0.5207
0.2,151,0.5205
0.2,152,0.5208
0.2,153,0.5202
0.2,154,0.5212
0.2,155,0.5213
0.2,156,0.5211
0.2,157,0.5209
0.2,158,0.5207
0.2,159,0.5212
0.2,160,0.5214
0.2,161,0.5207
0.2,162,0.521
0.2,163,0.5213
0.2,164,0.5214
0.2,165,0.521
0.2,166,0.5209
0.2,167,0.5211
0.2,168,0.5208
0.2,169,0.5212
0.2,170,0.521
0.2,171,0.522
0.2,172,0.5209
0.2,173,0.5204
0.2,174,0.5209
0.2,175,0.521
0.2,176,0.5215
0.2,177,0.5208
0.2,178,0.5211
0.2,179,0.5209
0.2,180,0.521
0.2,181,0.5209
0.2,182,0.5204
0.2,183,0.5204
0.2,184,0.5212
0.2,185,0.5206
0.2,186,0.5212
0.2,187,0.5208
0.2,188,0.5209
0.2,189,0.5204
0.2,190,0.5206
0.2,191,0.5205
0.2,192,0.5208
0.2,193,0.5205
0.2,194,0.5213
0.2,195,0.5204
0.2,196,0.5208
0.2,197,0.5203
0.2,198,0.521
0.2,199,0.5204
0.2,200,0.5211
0.2,201,0.5211
0.2,202,0.5211
0.2,203,0.5212
0.2,204,0.5209
0.2,205,0.5213
0.2,206,0.5207
0.2,207,0.5204
0.2,208,0.5211
0.2,209,0.5209
0.2,210,0.5208
0.2,211,0.5207
0.2,212,0.5207
0.2,213,0.521
0.2,214,0.5209
0.2,215,0.5209
0.2,216,0.5208
0.2,217,0.5209
0.2,218,0.5213
0.2,219,0.5206
0.2,220,0.5213
0.2,221,0.5213
0.2,222,0.5213
0.2,223,0.5209
0.2,224,0.5214
0.2,225,0.5209
0.2,226,0.5207
0.2,227,0.5206
0.2,228,0.5213
0.2,229,0.5209
0.2,230,0.5216
0.2,231,0.521
0.2,232,0.5209
0.2,233,0.521
0.2,234,0.5215
0.2,235,0.521
0.2,236,0.5209
0.2,237,0.5214
0.2,238,0.5209
0.2,239,0.5214
0.2,240,0.5208
0.2,241,0.5205
0.2,242,0.5207
0.2,243,0.521
0.2,244,0.5212
0.2,245,0.5215
0.2,246,0.5211
0.2,247,0.5207
0.2,248,0.5212
0.2,249,0.521
0.2,250,0.5214
0.2,251,0.521
0.2,252,0.5207
0.2,253,0.5211
0.2,254,0.521
0.2,255,0.5209
0.2,256,0.521
0.2,257,0.521
0.2,258,0.5208
0.2,259,0.5211
0.2,260,0.5211
0.2,261,0.5202
0.2,262,0.5208
0.2,263,0.5212
0.2,264,0.5211
0.2,265,0.5207
0.2,266,0.5208
0.2,267,0.5208
0.2,268,0.5206
0.2,269,0.5207
0.2,270,0.5208
0.2,271,0.5209
0.2,272,0.5208
0.2,273,0.5207
0.2,274,0.5202
0.2,275,0.5203
0.2,276,0.5211
0.2,277,0.5208
0.2,278,0.5209
0.2,279,0.5207
0.2,280,0.5214
0.2,281,0.5206
0.2,282,0.5207
0.2,283,0.5207
0.2,284,0.5205
0.2,285,0.5204
0.2,286,0.5205
0.2,287,0.5206
0.2,288,0.5205
0.2,289,0.5207
0.2,290,0.521
0.2,291,0.5213
0.2,292,0.5214
0.2,293,0.5211
0.2,294,0.5209
0.2,295,0.5204
0.2,296,0.5209
0.2,297,0.5214
0.2,298,0.5211
0.2,299,0.5211
0.2,300,0.5208
0.4,1,0.9494
0.4,2,0.8636
0.4,3,0.7913
0.4,4,0.7279
0.4,5,0.6722
0.4,6,0.6222
0.4,7,0.5763
0.4,8,0.5354
0.4,9,0.4975
0.4,10,0.4639
0.4,11,0.4321
0.4,12,0.4477
0.4,13,0.4501
0.4,14,0.4447
0.4,15,0.4516
0.4,16,0.452
0.4,17,0.4456
0.4,18,0.4425
0.4,19,0.4442
0.4,20,0.4444
0.4,21,0.4437
0.4,22,0.4417
0.4,23,0.4408
0.4,24,0.4403
0.4,25,0.4431
0.4,26,0.4427
0.4,27,0.4425
0.4,28,0.4444
0.4,29,0.4449
0.4,30,0.4428
0.4,31,0.4435
0.4,32,0.4434
0.4,33,0.4436
0.4,34,0.4427
0.4,35,0.4421
0.4,36,0.4436
0.4,37,0.4442
0.4,38,0.4438
0.4,39,0.445
0.4,40,0.4455
0.4,41,0.4458
0.4,42,0.4463
0.4,43,0.4442
0.4,44,0.4437
0.4,45,0.4418
0.4,46,0.4406
0.4,47,0.4402
0.4,48,0.4419
0.4,49,0.4434
0.4,50,0.443
0.4,51,0.4436
0.4,52,0.4442
0.4,53,0.4445
0.4,54,0.4461
0.4,55,0.4462
0.4,56,0.445
0.4,57,0.445
0.4,58,0.4447
0.4,59,0.4431
0.4,60,0.4409
0.4,61,0.4401
0.4,62,0.4397
0.4,63,0.4404
0.4,64,0.4406
0.4,65,0.4405
0.4,66,0.4438
0.4,67,0.444
0.4,68,0.4448
0.4,69,0.4459
0.4,70,0.4469
0.4,71,0.4471
0.4,72,0.4477
0.4,73,0.4472
0.4,74,0.4466
0.4,75,0.4467
0.4,76,0.4452
0.4,77,0.445
0.4,78,0.4437
0.4,79,0.4437
0.4,80,0.4438
0.4,81,0.4436
0.4,82,0.4429
0.4,83,0.4433
0.4,84,0.4437
0.4,85,0.4445
0.4,86,0.4446
0.4,87,0.4436
0.4,88,0.4436
0.4,89,0.4419
0.4,90,0.4407
0.4,91,0.4408
0.4,92,0.4412
0.4,93,0.4414
0.4,94,0.4422
0.4,95,0.4431
0.4,96,0.4443
0.4,97,0.4447
0.4,98,0.4461
0.4,99,0.4473
0.4,100,0.4479
0.4,101,0.4479
0.4,102,0.4482
0.4,103,0.4469
0.4,104,0.4442
0.4,105,0.4426
0.4,106,0.442
0.4,107,0.4412
0.4,108,0.4423
0.4,109,0.4427
0.4,110,0.4443
0.4,111,0.4436
0.4,112,0.4441
0.4,113,0.4453
0.4,114,0.4456
0.4,115,0.4462
0.4,116,0.4476
0.4,117,0.4483
0.4,118,0.4467
0.4,119,0.4448
0.4,120,0.4441
0.4,121,0.4431
0.4,122,0.4415
0.4,123,0.4402
0.4,124,0.4394
0.4,125,0.4404
0.4,126,0.4416
0.4,127,0.4421
0.4,128,0.4433
0.4,129,0.444
0.4,130,0.445
0.4,131,0.4454
0.4,132,0.4462
0.4,133,0.4459
0.4,134,0.4461
0.4,135,0.4457
0.4,136,0.4448
0.4,137,0.4432
0.4,138,0.4411
0.4,139,0.4415
0.4,140,0.4405
0.4,141,0.442
0.4,142,0.4435
0.4,143,0.4449
0.4,144,0.4461
0.4,145,0.4458
0.4,146,0.4462
0.4,147,0.4465
0.4,148,0.446
0.4,149,0.4447
0.4,150,0.4435
0.4,151,0.442
0.4,152,0.4416
0.4,153,0.4396
0.4,154,0.4393
0.4,155,0.4404
0.4,156,0.4408
0.4,157,0.4432
0.4,158,0.4443
0.4,159,0.4459
0.4,160,0.4468
0.4,161,0.4476
0.4,162,0.4487
0.4,163,0.449
0.4,164,0.4493
0.4,165,0.4473
0.4,166,0.4449
0.4,167,0.4427
0.4,168,0.4411
0.4,169,0.4398
0.4,170,0.4397
0.4,171,0.4394
0.4,172,0.4407
0.4,173,0.4422
0.4,174,0.4433
0.4,175,0.4445
0.4,176,0.4456
0.4,177,0.4462
0.4,178,0.4466
0.4,179,0.4469
0.4,180,0.4456
0.4,181,0.4456
0.4,182,0.4443
0.4,183,0.444
0.4,184,0.4416
0.4,185,0.4406
0.4,186,0.4388
0.4,187,0.439
0.4,188,0.4408
0.4,189,0.442
0.4,190,0.4438
0.4,191,0.4454
0.4,192,0.4464
0.4,193,0.4472
0.4,194,0.4463
0.4,195,0.446
0.4,196,0.444
0.4,197,0.4433
0.4,198,0.4422
0.4,199,0.4411
0.4,200,0.4407
0.4,201,0.4405
0.4,202,0.4398
0.4,203,0.44
0.4,204,0.4412
0.4,205,0.4428
0.4,206,0.4436
0.4,207,0.4453
0.4,208,0.4454
0.4,209,0.4459
0.4,210,0.4457
0.4,211,0.4451
0.4,212,0.4432
0.4,213,0.4427
0.4,214,0.4417
0.4,215,0.4408
0.4,216,0.4401
0.4,217,0.44
0.4,218,0.4407
0.4,219,0.4417
0.4,220,0.4435
0.4,221,0.4451
0.4,222,0.4475
0.4,223,0.4484
0.4,224,0.448
0.4,225,0.4474
0.4,226,0.446
0.4,227,0.4449
0.4,228,0.4434
0.4,229,0.4442
0.4,230,0.4435
0.4,231,0.4427
0.4,232,0.4418
0.4,233,0.4426
0.4,234,0.4423
0.4,235,0.4421
0.4,236,0.4425
0.4,237,0.4431
0.4,238,0.4439
0.4,239,0.4438
0.4,240,0.4427
0.4,241,0.4409
0.4,242,0.4412
0.4,243,0.4425
0.4,244,0.4433
0.4,245,0.4436
0.4,246,0.4442
0.4,247,0.4435
0.4,248,0.4433
0.4,249,0.4438
0.4,250,0.4452
0.4,251,0.446
0.4,252,0.4459
0.4,253,0.4462
0.4,254,0.4457
0.4,255,0.4437
0.4,256,0.4425
0.4,257,0.4402
0.4,258,0.44
0.4,259,0.441
0.4,260,0.4419
0.4,261,0.4421
0.4,262,0.4427
0.4,263,0.4427
0.4,264,0.4438
0.4,265,0.4442
0.4,266,0.4457
0.4,267,0.4461
0.4,268,0.4467
0.4,269,0.447
0.4,270,0.4463
0.4,271,0.4442
0.4,272,0.4431
0.4,273,0.4425
0.4,274,0.4412
0.4,275,0.4407
0.4,276,0.4414
0.4,277,0.4419
0.4,278,0.442
0.4,279,0.4428
0.4,280,0.4429
0.4,281,0.4431
0.4,282,0.4438
0.4,283,0.4454
0.4,284,0.4465
0.4,285,0.4469
0.4,286,0.4465
0.4,287,0.4457
0.4,288,0.4446
0.4,289,0.4447
0.4,290,0.4439
0.4,291,0.4443
0.4,292,0.4435
0.4,293,0.4422
0.4,294,0.4426
0.4,295,0.4417
0.4,296,0.4416
0.4,297,0.4416
0.4,298,0.4429
0.4,299,0.4433
0.4,300,0.4442
0.6,1,0.8837
0.6,2,0.7636
0.6,3,0.6834
0.6,4,0.62
0.6,5,0.5665
0.6,6,0.5211
0.6,7,0.4809
0.6,8,0.445
0.6,9,0.4131
0.6,10,0.384
0.6,11,0.358
0.6,12,0.3337
0.6,13,0.312
0.6,14,0.3082
0.6,15,0.3128
0.6,16,0.307
0.6,17,0.3182
0.6,18,0.32
0.6,19,0.3152
0.6,20,0.3214
0.6,21,0.3143
0.6,22,0.3153
0.6,23,0.3171
0.6,24,0.3154
0.6,25,0.3096
0.6,26,0.3087
0.6,27,0.3086
0.6,28,0.307
0.6,29,0.3057
0.6,30,0.304
0.6,31,0.3133
0.6,32,0.309
0.6,33,0.3113
0.6,34,0.3071
0.6,35,0.3096
0.6,36,0.31
0.6,37,0.3123
0.6,38,0.3111
0.6,39,0.3134
0.6,40,0.3135
0.6,41,0.3126
0.6,42,0.313
0.6,43,0.3125
0.6,44,0.311
0.6,45,0.3105
0.6,46,0.3093
0.6,47,0.3089
0.6,48,0.3117
0.6,49,0.3146
0.6,50,0.3153
0.6,51,0.3142
0.6,52,0.3145
0.6,53,0.3126
0.6,54,0.312
0.6,55,0.3104
0.6,56,0.3099
0.6,57,0.309
0.6,58,0.3084
0.6,59,0.308
0.6,60,0.3078
0.6,61,0.3073
0.6,62,0.3071
0.6,63,0.3067
0.6,64,0.3061
0.6,65,0.3089
0.6,66,0.3101
0.6,67,0.3116
0.6,68,0.3141
0.6,69,0.3146
0.6,70,0.3161
0.6,71,0.3166
0.6,72,0.3164
0.6,73,0.3159
0.6,74,0.3156
0.6,75,0.3149
0.6,76,0.3147
0.6,77,0.3135
0.6,78,0.3128
0.6,79,0.3115
0.6,80,0.3107
0.6,81,0.3098
0.6,82,0.3111
0.6,83,0.3123
0.6,84,0.3128
0.6,85,0.3138
0.6,86,0.3139
0.6,87,0.3145
0.6,88,0.3148
0.6,89,0.3147
0.6,90,0.3152
0.6,91,0.3151
0.6,92,0.3151
0.6,93,0.3151
0.6,94,0.3151
0.6,95,0.315
0.6,96,0.3144
0.6,97,0.3141
0.6,98,0.3132
0.6,99,0.3139
0.6,100,0.3149
0.6,101,0.3151
0.6,102,0.315
0.6,103,0.3153
0.6,104,0.3152
0.6,105,0.3151
0.6,106,0.3152
0.6,107,0.3156
0.6,108,0.3148
0.6,109,0.3153
0.6,110,0.3151
0.6,111,0.3142
0.6,112,0.3144
0.6,113,0.3141
0.6,114,0.3139
0.6,115,0.3133
0.6,116,0.314
0.6,117,0.3143
0.6,118,0.3144
0.6,119,0.315
0.6,120,0.3143
0.6,121,0.3147
0.6,122,0.3141
0.6,123,0.3144
0.6,124,0.314
0.6,125,0.3141
0.6,126,0.3134
0.6,127,0.3144
0.6,128,0.3139
0.6,129,0.3138
0.6,130,0.314
0.6,131,0.3139
0.6,132,0.3134
0.6,133,0.3143
0.6,134,0.3159
0.6,135,0.316
0.6,136,0.3151
0.6,137,0.3146
0.6,138,0.3139
0.6,139,0.3137
0.6,140,0.3134
0.6,141,0.313
0.6,142,0.3118
0.6,143,0.3113
0.6,144,0.311
0.6,145,0.311
0.6,146,0.3103
0.6,147,0.3104
0.6,148,0.3102
0.6,149,0.3101
0.6,150,0.3113
0.6,151,0.3122
0.6,152,0.3125
0.6,153,0.3147
0.6,154,0.3155
0.6,155,0.3154
0.6,156,0.3158
0.6,157,0.316
0.6,158,0.3152
0.6,159,0.315
0.6,160,0.3145
0.6,161,0.3143
0.6,162,0.314
0.6,163,0.3135
0.6,164,0.3132
0.6,165,0.3126
0.6,166,0.3117
0.6,167,0.3114
0.6,168,0.3127
0.6,169,0.3116
0.6,170,0.3131
0.6,171,0.3137
0.6,172,0.314
0.6,173,0.3137
0.6,174,0.3141
0.6,175,0.3152
0.6,176,0.3157
0.6,177,0.3153
0.6,178,0.316
0.6,179,0.3163
0.6,180,0.3158
0.6,181,0.3159
0.6,182,0.3155
0.6,183,0.3152
0.6,184,0.3148
0.6,185,0.3157
0.6,186,0.3152
0.6,187,0.3151
0.6,188,0.3149
0.6,189,0.315
0.6,190,0.3142
0.6,191,0.3145
0.6,192,0.3153
0.6,193,0.3149
0.6,194,0.3151
0.6,195,0.3155
0.6,196,0.315
0.6,197,0.3156
0.6,198,0.3153
0.6,199,0.315
0.6,200,0.315
0.6,201,0.3146
0.6,202,0.3154
0.6,203,0.3148
0.6,204,0.3149
0.6,205,0.3148
0.6,206,0.3141
0.6,207,0.3151
0.6,208,0.3148
0.6,209,0.3153
0.6,210,0.3148
0.6,211,0.315
0.6,212,0.315
0.6,213,0.3148
0.6,214,0.3149
0.6,215,0.3143
0.6,216,0.3147
0.6,217,0.3148
0.6,218,0.3151
0.6,219,0.3164
0.6,220,0.3157
0.6,221,0.3158
0.6,222,0.3157
0.6,223,0.3164
0.6,224,0.3153
0.6,225,0.3147
0.6,226,0.314
0.6,227,0.3137
0.6,228,0.3137
0.6,229,0.3132
0.6,230,0.3135
0.6,231,0.3132
0.6,232,0.3127
0.6,233,0.3127
0.6,234,0.3129
0.6,235,0.3129
0.6,236,0.3137
0.6,237,0.3146
0.6,238,0.3142
0.6,239,0.3146
0.6,240,0.315
0.6,241,0.3151
0.6,242,0.3155
0.6,243,0.3155
0.6,244,0.3157
0.6,245,0.3155
0.6,246,0.3154
0.6,247,0.3157
0.6,248,0.3157
0.6,249,0.3152
0.6,250,0.3146
0.6,251,0.314
0.6,252,0.314
0.6,253,0.3152
0.6,254,0.3147
0.6,255,0.3149
0.6,256,0.3154
0.6,257,0.315
0.6,258,0.3149
0.6,259,0.3152
0.6,260,0.3153
0.6,261,0.3154
0.6,262,0.3156
0.6,263,0.3153
0.6,264,0.3155
0.6,265,0.3154
0.6,266,0.3152
0.6,267,0.3154
0.6,268,0.3148
0.6,269,0.3152
0.6,270,0.3157
0.6,271,0.3146
0.6,272,0.3148
0.6,273,0.314
0.6,274,0.3141
0.6,275,0.3132
0.6,276,0.3134
0.6,277,0.313
0.6,278,0.3134
0.6,279,0.3133
0.6,280,0.3135
0.6,281,0.3136
0.6,282,0.314
0.6,283,0.3134
0.6,284,0.3135
0.6,285,0.3132
0.6,286,0.3129
0.6,287,0.3139
0.6,288,0.3134
0.6,289,0.314
0.6,290,0.3142
0.6,291,0.3144
0.6,292,0.3141
0.6,293,0.3138
0.6,294,0.3141
0.6,295,0.3138
0.6,296,0.3145
0.6,297,0.3141
0.6,298,0.3145
0.6,299,0.3148
0.6,300,0.3146
0.8,1,0.6881
0.8,2,0.5559
0.8,3,0.4882
0.8,4,0.4383
0.8,5,0.3991
0.8,6,0.3664
0.8,7,0.3382
0.8,8,0.3122
0.8,9,0.2906
0.8,10,0.2712
0.8,11,0.2525
0.8,12,0.2362
0.8,13,0.2211
0.8,14,0.2073
0.8,15,0.1951
0.8,16,0.1833
0.8,17,0.1715
0.8,18,0.1621
0.8,19,0.1526
0.8,20,0.1435
0.8,21,0.1354
0.8,22,0.1276
0.8,23,0.12
0.8,24,0.1136
0.8,25,0.1074
0.8,26,0.1013
0.8,27,0.1176
0.8,28,0.1137
0.8,29,0.109
0.8,30,0.111
0.8,31,0.115
0.8,32,0.1109
0.8,33,0.1091
0.8,34,0.1156
0.8,35,0.1122
0.8,36,0.1146
0.8,37,0.113
0.8,38,0.1101
0.8,39,0.116
0.8,40,0.1125
0.8,41,0.1155
0.8,42,0.1121
0.8,43,0.1146
0.8,44,0.1116
0.8,45,0.1127
0.8,46,0.1101
0.8,47,0.1114
0.8,48,0.1095
0.8,49,0.1094
0.8,50,0.1083
0.8,51,0.1076
0.8,52,0.1075
0.8,53,0.1071
0.8,54,0.106
0.8,55,0.1062
0.8,56,0.1057
0.8,57,0.1053
0.8,58,0.1052
0.8,59,0.1046
0.8,60,0.1042
0.8,61,0.1033
0.8,62,0.1033
0.8,63,0.1029
0.8,64,0.1026
0.8,65,0.1022
0.8,66,0.1021
0.8,67,0.1021
0.8,68,0.105
0.8,69,0.1112
0.8,70,0.1107
0.8,71,0.1109
0.8,72,0.1102
0.8,73,0.1123
0.8,74,0.1108
0.8,75,0.1096
0.8,76,0.1136
0.8,77,0.1127
0.8,78,0.1133
0.8,79,0.1146
0.8,80,0.1134
0.8,81,0.1138
0.8,82,0.1132
0.8,83,0.1134
0.8,84,0.1126
0.8,85,0.1126
0.8,86,0.1124
0.8,87,0.1119
0.8,88,0.1108
0.8,89,0.1103
0.8,90,0.1097
0.8,91,0.1093
0.8,92,0.1099
0.8,93,0.109
0.8,94,0.1092
0.8,95,0.1087
0.8,96,0.1076
0.8,97,0.1077
0.8,98,0.1075
0.8,99,0.1072
0.8,100,0.1064
0.8,101,0.1067
0.8,102,0.1062
0.8,103,0.1057
0.8,104,0.1049
0.8,105,0.1047
0.8,106,0.1045
0.8,107,0.1039
0.8,108,0.1036
0.8,109,0.1032
0.8,110,0.1069
0.8,111,0.1119
0.8,112,0.1107
0.8,113,0.1102
0.8,114,0.1116
0.8,115,0.1119
0.8,116,0.1111
0.8,117,0.1104
0.8,118,0.1098
0.8,119,0.1079
0.8,120,0.1091
0.8,121,0.1103
0.8,122,0.1105
0.8,123,0.111
0.8,124,0.111
0.8,125,0.1109
0.8,126,0.1113
0.8,127,0.111
0.8,128,0.1111
0.8,129,0.1115
0.8,130,0.1113
0.8,131,0.1113
0.8,132,0.1111
0.8,133,0.1103
0.8,134,0.1098
0.8,135,0.1096
0.8,136,0.1092
0.8,137,0.1084
0.8,138,0.1083
0.8,139,0.108
0.8,140,0.108
0.8,141,0.108
0.8,142,0.1076
0.8,143,0.1072
0.8,144,0.1071
0.8,145,0.1068
0.8,146,0.1062
0.8,147,0.1062
0.8,148,0.1054
0.8,149,0.1056
0.8,150,0.1058
0.8,151,0.1051
0.8,152,0.1073
0.8,153,0.109
0.8,154,0.1095
0.8,155,0.1091
0.8,156,0.1098
0.8,157,0.1126
0.8,158,0.1117
0.8,159,0.112
0.8,160,0.1127
0.8,161,0.1123
0.8,162,0.1109
0.8,163,0.11
0.8,164,0.1092
0.8,165,0.1092
0.8,166,0.1097
0.8,167,0.1099
0.8,168,0.1103
0.8,169,0.1099
0.8,170,0.1109
0.8,171,0.1106
0.8,172,0.1106
0.8,173,0.1102
0.8,174,0.1111
0.8,175,0.1111
0.8,176,0.1118
0.8,177,0.1119
0.8,178,0.1113
0.8,179,0.1111
0.8,180,0.1106
0.8,181,0.1101
0.8,182,0.1094
0.8,183,0.1087
0.8,184,0.1083
0.8,185,0.1083
0.8,186,0.1075
0.8,187,0.1074
0.8,188,0.107
0.8,189,0.1068
0.8,190,0.1064
0.8,191,0.1064
0.8,192,0.1072
0.8,193,0.1075
0.8,194,0.1079
0.8,195,0.1084
0.8,196,0.1103
0.8,197,0.111
0.8,198,0.1124
0.8,199,0.1122
0.8,200,0.1126
0.8,201,0.1127
0.8,202,0.1127
0.8,203,0.1122
0.8,204,0.1121
0.8,205,0.1113
0.8,206,0.1108
0.8,207,0.1101
0.8,208,0.1097
0.8,209,0.1093
0.8,210,0.109
0.8,211,0.1084
0.8,212,0.1082
0.8,213,0.1081
0.8,214,0.1079
0.8,215,0.1078
0.8,216,0.1079
0.8,217,0.1077
0.8,218,0.1078
0.8,219,0.1076
0.8,220,0.1082
0.8,221,0.1082
0.8,222,0.1079
0.8,223,0.1077
0.8,224,0.1078
0.8,225,0.1079
0.8,226,0.1086
0.8,227,0.1082
0.8,228,0.1082
0.8,229,0.1081
0.8,230,0.1075
0.8,231,0.1071
0.8,232,0.1073
0.8,233,0.1074
0.8,234,0.1071
0.8,235,0.1081
0.8,236,0.1082
0.8,237,0.1087
0.8,238,0.109
0.8,239,0.1095
0.8,240,0.1107
0.8,241,0.1106
0.8,242,0.109
0.8,243,0.1099
0.8,244,0.1111
0.8,245,0.1117
0.8,246,0.1114
0.8,247,0.1122
0.8,248,0.1123
0.8,249,0.112
0.8,250,0.1112
0.8,251,0.1116
0.8,252,0.1106
0.8,253,0.11
0.8,254,0.1099
0.8,255,0.11
0.8,256,0.11
0.8,257,0.1106
0.8,258,0.1103
0.8,259,0.1096
0.8,260,0.1087
0.8,261,0.109
0.8,262,0.1089
0.8,263,0.1085
0.8,264,0.1082
0.8,265,0.1078
0.8,266,0.1079
0.8,267,0.1075
0.8,268,0.1076
0.8,269,0.1078
0.8,270,0.1081
0.8,271,0.1083
0.8,272,0.1082
0.8,273,0.108
0.8,274,0.1075
0.8,275,0.1074
0.8,276,0.1067
0.8,277,0.1069
0.8,278,0.1081
0.8,279,0.1079
0.8,280,0.1081
0.8,281,0.1081
0.8,282,0.1088
0.8,283,0.1094
0.8,284,0.1098
0.8,285,0.1099
0.8,286,0.1094
0.8,287,0.11
0.8,288,0.1099
0.8,289,0.11
0.8,290,0.1104
0.8,291,0.1103
0.8,292,0.1108
0.8,293,0.1103
0.8,294,0.11
0.8,295,0.1091
0.8,296,0.1097
0.8,297,0.1098
0.8,298,0.1097
0.8,299,0.1096
0.8,300,0.1092
0.99,1,0.3679
0.99,2,0.2786
0.99,3,0.2413
0.99,4,0.2161
0.99,5,0.1967
0.99,6,0.1806
0.99,7,0.1667
0.99,8,0.1545
0.99,9,0.1442
0.99,10,0.1342
0.99,11,0.126
0.99,12,0.1177
0.99,13,0.1108
0.99,14,0.1041
0.99,15,0.0978
0.99,16,0.0921
0.99,17,0.0869
0.99,18,0.0814
0.99,19,0.077
0.99,20,0.0728
0.99,21,0.0686
0.99,22,0.0649
0.99,23,0.0615
0.99,24,0.0579
0.99,25,0.0549
0.99,26,0.0518
0.99,27,0.049
0.99,28,0.0464
0.99,29,0.0441
0.99,30,0.0418
0.99,31,0.0395
0.99,32,0.0373
0.99,33,0.0354
0.99,34,0.0336
0.99,35,0.0318
0.99,36,0.0301
0.99,37,0.0286
0.99,38,0.0271
0.99,39,0.0257
0.99,40,0.0242
0.99,41,0.0231
0.99,42,0.022
0.99,43,0.0208
0.99,44,0.0196
0.99,45,0.0188
0.99,46,0.0176
0.99,47,0.0169
0.99,48,0.016
0.99,49,0.0151
0.99,50,0.0144
0.99,51,0.0136
0.99,52,0.0129
0.99,53,0.0124
0.99,54,0.0116
0.99,55,0.0111
0.99,56,0.0105
0.99,57,0.0099
0.99,58,0.0094
0.99,59,0.0089
0.99,60,0.0084
0.99,61,0.0081
0.99,62,0.0077
0.99,63,0.0072
0.99,64,0.0069
0.99,65,0.0065
0.99,66,0.0063
0.99,67,0.006
0.99,68,0.0056
0.99,69,0.0053
0.99,70,0.0051
0.99,71,0.0049
0.99,72,0.0046
0.99,73,0.0044
0.99,74,0.0041
0.99,75,0.004
0.99,76,0.0037
0.99,77,0.0035
0.99,78,0.0033
0.99,79,0.0032
0.99,80,0.003
0.99,81,0.0029
0.99,82,0.0027
0.99,83,0.0025
0.99,84,0.0024
0.99,85,0.0023
0.99,86,0.0022
0.99,87,0.002
0.99,88,0.002
0.99,89,0.0018
0.99,90,0.0018
0.99,91,0.0017
0.99,92,0.0016
0.99,93,0.0016
0.99,94,0.0015
0.99,95,0.0014
0.99,96,0.0013
0.99,97,0.0013
0.99,98,0.0012
0.99,99,0.0011
0.99,100,0.0011
0.99,101,0.001
0.99,102,0.001
0.99,103,0.0009
0.99,104,0.0009
0.99,105,0.0008
0.99,106,0.0008
0.99,107,0.0007
0.99,108,0.0007
0.99,109,0.0007
0.99,110,0.0006
0.99,111,0.0006
0.99,112,0.0006
0.99,113,0.0006
0.99,114,0.0005
0.99,115,0.0005
0.99,116,0.0005
0.99,117,0.0004
0.99,118,0.0004
0.99,119,0.0004
0.99,120,0.0004
0.99,121,0.0004
0.99,122,0.0003
0.99,123,0.0003
0.99,124,0.0003
0.99,125,0.0003
0.99,126,0.0003
0.99,127,0.0003
0.99,128,0.0002
0.99,129,0.0002
0.99,130,0.0002
0.99,131,0.0002
0.99,132,0.0002
0.99,133,0.0002
0.99,134,0.0002
0.99,135,0.0002
0.99,136,0.0002
0.99,137,0.0002
0.99,138,0.0002
0.99,139,0.0001
0.99,140,0.0001
0.99,141,0.0001
0.99,142,0.0001
0.99,143,0.0001
0.99,144,0.0001
0.99,145,0.0001
0.99,146,0.0001
0.99,147,0.0001
0.99,148,0.0001
0.99,149,0.0001
0.99,150,0.0001
0.99,151,0.0001
0.99,152,0.0001
0.99,153,0.0001
0.99,154,0.0001
0.99,155,0.0001
0.99,156,0.0001
0.99,157,0.0001
0.99,158,0.0
0.99,159,0.0
0.99,160,0.0
0.99,161,0.0
0.99,162,0.0001
0.99,163,0.0
0.99,164,0.0
0.99,165,0.0
0.99,166,0.0
0.99,167,0.0
0.99,168,0.0
0.99,169,0.0
0.99,170,0.0
0.99,171,0.0
0.99,172,0.0
0.99,173,0.0
0.99,174,0.0
0.99,175,0.0
0.99,176,0.0
0.99,177,0.0
0.99,178,0.0
0.99,179,0.0
0.99,180,0.0
0.99,181,0.0
0.99,182,0.0
0.99,183,0.0
0.99,184,0.0
0.99,185,0.0
0.99,186,0.0
0.99,187,0.0
0.99,188,0.0
0.99,189,0.0
0.99,190,0.0
0.99,191,0.0
0.99,192,0.0
0.99,193,0.0
0.99,194,0.0
0.99,195,0.0
0.99,196,0.0
0.99,197,0.0
0.99,198,0.0
0.99,199,0.0
0.99,200,0.0
0.99,201,0.0
0.99,202,0.0
0.99,203,0.0
0.99,204,0.0
0.99,205,0.0
0.99,206,0.0
0.99,207,0.0
0.99,208,0.0
0.99,209,0.0
0.99,210,0.0
0.99,211,0.0
0.99,212,0.0
0.99,213,0.0
0.99,214,0.0
0.99,215,0.0
0.99,216,0.0
0.99,217,0.0
0.99,218,0.0
0.99,219,0.0
0.99,220,0.0
0.99,221,0.0
0.99,222,0.0
0.99,223,0.0
0.99,224,0.0
0.99,225,0.0
0.99,226,0.0
0.99,227,0.0
0.99,228,0.0
0.99,229,0.0
0.99,230,0.0
0.99,231,0.0
0.99,232,0.0
0.99,233,0.0
0.99,234,0.0
0.99,235,0.0
0.99,236,0.0
0.99,237,0.0
0.99,238,0.0
0.99,239,0.0
0.99,240,0.0
0.99,241,0.0
0.99,242,0.0
0.99,243,0.0
0.99,244,0.0
0.99,245,0.0
0.99,246,0.0
0.99,247,0.0
0.99,248,0.0
0.99,249,0.0
0.99,250,0.0
0.99,251,0.0
0.99,252,0.0
0.99,253,0.0
0.99,254,0.0
0.99,255,0.0
0.99,256,0.0
0.99,257,0.0
0.99,258,0.0
0.99,259,0.0
0.99,260,0.0
0.99,261,0.0
0.99,262,0.0
0.99,263,0.0
0.99,264,0.0
0.99,265,0.0
0.99,266,0.0
0.99,267,0.0
0.99,268,0.0
0.99,269,0.0
0.99,270,0.0
0.99,271,0.0
0.99,272,0.0
0.99,273,0.0
0.99,274,0.0
0.99,275,0.0
0.99,276,0.0
0.99,277,0.0
0.99,278,0.0
0.99,279,0.0
0.99,280,0.0
0.99,281,0.0
0.99,282,0.0
0.99,283,0.0
0.99,284,0.0
0.99,285,0.0
0.99,286,0.0
0.99,287,0.0
0.99,288,0.0
0.99,289,0.0
0.99,290,0.0
0.99,291,0.0
0.99,292,0.0
0.99,293,0.0
0.99,294,0.0
0.99,295,0.0
0.99,296,0.0
0.99,297,0.0
0.99,298,0.0
0.99,299,0.0
0.99,300,0.0
